sweep_value,num_runs,d,test_mse,alias_operator_norm,model_insufficiency,data_insufficiency,aliasing,fitted_noise,component_cross_term,reconstruction_error
8.0,100.0,40.0,0.2703075334864404,244.75126688951588,0.11215224613212704,0.17952044675246737,0.06555313531022315,0.0016694867712314725,-0.0885877814796086,1.2214534939047894e-15
16.0,100.0,40.0,0.20285675381447624,262.01002792802694,0.1075288666130335,0.1135333121429836,0.10204179009831071,0.0034143089622542407,-0.12366152400210577,1.3465617509922368e-15
24.0,100.0,40.0,0.18748789529859664,275.15742041437693,0.12272856438297962,0.05493625098513273,0.16184689439348993,0.0066178670582659445,-0.15864168152127162,1.6239787292704477e-15
32.0,100.0,40.0,0.25105294307536946,354.6548329850986,0.11505123647199528,0.024186472454794584,0.2549514048940371,0.01770285086525215,-0.1608390216107097,2.3681057115254587e-15
40.0,100.0,40.0,267.09410191301504,7893.878346565158,0.11866497122588773,1.225844543396123e-27,234.4822751585641,9.887653168753447,22.605508614471628,4.5573267382081896e-14
48.0,100.0,40.0,0.2289549690561259,350.3014243478621,0.1177130524728277,1.1695552841140226e-29,0.2644448177681909,0.01637614340587165,-0.16957904459076434,2.815768451736034e-15
56.0,100.0,40.0,0.13374463832320266,270.6593641688807,0.12896071265598527,7.128699217911632e-30,0.19113215541389864,0.007594693553015489,-0.19394292329969673,2.2380708397662376e-15
64.0,100.0,40.0,0.10002459546027614,260.23280424999916,0.12933480704870626,6.061472198772847e-30,0.16353682568873418,0.004751297030187677,-0.1975983343073519,1.912081604160676e-15
72.0,100.0,40.0,0.06847592772820404,256.3694415876903,0.10562469358765854,6.629541697536972e-30,0.118194258468977,0.00341212887298769,-0.15875515320141922,1.76966080678298e-15
80.0,100.0,40.0,0.07172193062782173,254.78919430760297,0.12907844446361813,5.9903271952686026e-30,0.13211034932929225,0.002856521795409001,-0.19232338496049764,1.646321967641029e-15
88.0,100.0,40.0,0.06177066589670541,252.5739717126924,0.12753936948603503,5.4855284143823895e-30,0.12556079647451368,0.0022695570676919703,-0.19359905713153525,1.7619933290191625e-15
