width,step,train_mse,test_mse,interpolates,hidden_rank,hidden_condition_log10,hidden_singular_value_max,hidden_singular_value_min,feature_coherence_max,feature_effective_rank,ntk_drift,feature_transport_train,feature_transport_test,null_projector_drift,alias_operator_norm,initial_alias_operator_norm,alias_operator_drift,head_null_fraction,head_minimum_norm_gap,test_null_response_rms,test_null_response_relative,feature_drift,train_feature_norm,test_feature_norm
16.0,0.0,0.1306517301599015,0.12731416166856072,0.0,16.0,0.9673353075442179,8.494009741221259,0.920527427087019,0.4717283477868415,5.184529923448814,0.0,0.0,0.0,0.0,1.7599401149247315e-13,1.7599401149247315e-13,0.0,1.5615712829888648e-15,0.816108786683846,4.3618623306809875e-16,2.625175286135304e-16,0.0,13.223938795874705,106.56210319004387
16.0,10.0,0.01326975808038745,0.030715667289225722,0.0,16.0,1.03442282401063,8.737365295728479,0.8246441374616453,0.483529367101873,5.141972060352591,0.3454181363659306,0.578211308284846,0.48761760791891606,4.990999092737437e-15,1.624219042186585e-13,1.7599401149247315e-13,2.347455442732713e-13,1.5974849489467671e-15,0.25760934524683526,4.728874694297049e-16,2.7618791965884604e-16,0.5022615850558997,13.781131052780657,109.21251134704356
16.0,30.0,0.001961641926371943,0.02197270696594027,0.0,16.0,1.0054914652411027,9.243220707058203,0.9293946699093918,0.50479697823009,5.3770825862358995,0.418014447506134,0.7799303317580524,0.7102163477040685,4.971162132233815e-15,1.5028947766040453e-13,1.7599401149247315e-13,2.3159283639936915e-13,1.6007521564444726e-15,0.08105467424002308,4.2467061274629795e-16,2.298206575518674e-16,0.7836321659746129,14.932025906159685,117.938272716855
16.0,100.0,1.398769708933216e-05,0.022373831636385056,0.0,16.0,0.9848067163278112,9.739803978576024,1.0205640646458276,0.5021297063807237,5.476086591016378,0.42748045280763386,0.8547643399816167,0.7976665610162926,4.9375875226665765e-15,1.6967875257991893e-13,1.7599401149247315e-13,2.4151656365366916e-13,1.6176278206757093e-15,0.003416559994348837,4.626356261594014e-16,2.3729308348012506e-16,0.8968610856279305,15.801453538773458,125.38745687106308
16.0,300.0,2.610257899335341e-06,0.02248655703181247,0.92,16.0,0.983082922513164,9.754923567668648,1.0250424402287555,0.5011611235064776,5.481372635920101,0.42725501048072784,0.8562233950048332,0.7998597745673122,4.903684227579872e-15,1.80574463737391e-13,1.7599401149247315e-13,2.5322954841656625e-13,1.550103004140954e-15,9.066507581231977e-06,4.410849324598894e-16,2.251915944422179e-16,0.9000574795835355,15.82978035409411,125.64190873130443
16.0,1000.0,2.7175140886811467e-06,0.022481193378032612,0.93,16.0,0.9825621801856975,9.737424639414774,1.024481450599496,0.5005325326072283,5.487461383337127,0.4276025062427741,0.8554250767417251,0.7993036218931215,5.014733133471573e-15,1.8184342421619075e-13,1.7599401149247315e-13,2.566108456387283e-13,1.5884922307136922e-15,3.351576266292319e-05,4.559377416517953e-16,2.3369594308613886e-16,0.8997394317567959,15.810381282277946,125.52900125303528
16.0,3000.0,3.1236055470963012e-06,0.022132969099662288,0.84,16.0,0.9737700698477038,9.088452154193519,0.9768649526069908,0.4929417136669083,5.617835106536125,0.4441390809240086,0.833418502354921,0.785318725237927,4.9746283110803825e-15,1.6819137133194694e-13,1.7599401149247315e-13,2.4953146759236653e-13,1.6076216777546835e-15,0.00013895324192952864,4.487282608216749e-16,2.3615529503984846e-16,0.8905701078145936,15.021452973684463,121.139390868112
16.0,5000.0,4.9650854481921425e-06,0.02114467687408816,0.69,16.0,1.018628014341283,8.050262448590058,0.7990840737491471,0.4950015020086513,5.753699317772129,0.5014135902668078,0.8332823876837797,0.7904898969128226,4.753211732725165e-15,1.0969294361013825e-13,1.7599401149247315e-13,2.1282737577199467e-13,1.4060233487474683e-15,0.0005381822098486051,3.106191710189125e-16,1.7486391357618883e-16,0.9017883097054853,13.656948366751381,113.6831090256619
32.0,0.0,0.12133200203893402,0.11945074581568069,0.0,32.0,1.3866076364817923,11.778024310491748,0.48564609050596574,0.5638267869431643,6.0688468566603095,0.0,0.0,0.0,0.0,2.95177523563251e-13,2.95177523563251e-13,0.0,1.6968672353708238e-15,1.0292421660698854,4.958606265770865e-16,2.095929287547752e-16,0.0,18.894312567459817,151.3724449877061
32.0,10.0,0.009030109263595975,0.02697507935185083,0.0,32.0,1.3925254285305237,11.65251297406429,0.4747029059281536,0.5535243561336453,6.2235314099913985,0.249531685976003,0.46357813642404744,0.4024117506910154,5.670708378550976e-15,2.993379891942865e-13,2.95177523563251e-13,3.456406586830388e-13,1.921589216208624e-15,0.3854238003148863,6.748214476851331e-16,2.8402243837050104e-16,0.4224581938871492,19.076531188496247,152.26036636220198
32.0,30.0,0.000903015280265171,0.02053770757736379,0.0,32.0,1.3821590964303303,11.840314619068375,0.4958026899921633,0.5758741541000291,6.415238401110891,0.3163101803829021,0.6111618183189303,0.5627022990064681,5.813363901198199e-15,2.845811308147502e-13,2.95177523563251e-13,3.592412208537151e-13,1.8974564898847996e-15,0.11752246889583434,5.627201756399127e-16,2.2859929376933857e-16,0.6195882072618453,19.69457773099318,157.65360955853296
32.0,100.0,6.762629325253523e-07,0.02014405675168248,0.0,32.0,1.3816815518095142,12.06277631144715,0.505592349569455,0.5795293925690043,6.4699390960674545,0.3277078514767273,0.6513511151482614,0.6080057898006697,5.8131169296450606e-15,3.099331964366675e-13,2.95177523563251e-13,3.839501954218273e-13,1.9820634375392205e-15,0.0030666954331889586,6.048830072530115e-16,2.405254144641388e-16,0.6773749850420642,20.116525478226748,161.2085711540254
32.0,300.0,9.594726353877978e-16,0.020138666418031793,1.0,32.0,1.3817233018526809,12.06321290337082,0.5055934724522345,0.5796015399268594,6.470232415127505,0.32808500309793254,0.6513852911968654,0.6080580796965199,5.725720983604581e-15,3.1270899006273353e-13,2.95177523563251e-13,3.820751635192429e-13,1.94997509625639e-15,9.552025818340818e-08,5.96700606475367e-16,2.374268503392403e-16,0.6774395572656162,20.117406122820555,161.21358386615927
32.0,1000.0,9.943294230882522e-07,0.020094913639210694,0.91,32.0,1.3776482387980482,11.84425045266021,0.501251836439649,0.5783564541512344,6.5175551107328324,0.3341507852942517,0.6479137535975893,0.6055268318111586,5.717475362277199e-15,3.009837438286404e-13,2.95177523563251e-13,3.7897980733439527e-13,1.9722765297461686e-15,0.00010344422404411621,6.082125928616005e-16,2.443706525652097e-16,0.6751381757727777,19.852373273483284,159.67668763981402
32.0,3000.0,2.2025877189238576e-06,0.019449851010805735,0.85,32.0,1.4100415432151627,10.056789621238648,0.40281059875090186,0.5749445831798503,6.7556227367559964,0.4154378011220071,0.6580988294358822,0.6111477334808202,5.9259896260926275e-15,2.5642646897572396e-13,2.95177523563251e-13,3.7786115359217603e-13,2.083868712029642e-15,0.0003296888094870998,6.159197811832342e-16,2.7129668564573506e-16,0.6715494273729641,17.390590715163995,145.30368174268
32.0,5000.0,2.313211708785724e-06,0.01841330200753766,0.78,32.0,1.5943022872121793,8.23582057924932,0.22928964821201736,0.5958272423480794,6.859121118108492,0.5457369978366704,0.7324037468519842,0.6703280224345975,6.325058639463183e-15,1.94554136533167e-13,2.95177523563251e-13,3.547226544035565e-13,2.1031108144554405e-15,0.0010020920423812198,4.1468823822601404e-16,2.051906656588035e-16,0.717604423694598,14.640626300074231,128.3816904068934
64.0,0.0,0.11955278747924432,0.11901609600154303,0.0,64.0,3.2552481300932743,16.182776307701882,0.013709920444407955,0.6262556892355586,6.713155177635742,0.0,0.0,0.0,0.0,3.310113598019112e-11,3.310113598019112e-11,0.0,1.1744455423975192e-13,66.89580848617443,4.1840514353967837e-14,1.2360755128531643e-14,0.0,26.52589343453912,213.3254552949511
64.0,10.0,0.007287359060208847,0.025590776449339953,0.0,64.0,3.2090455386916643,15.55854196279475,0.013872623583643025,0.6218444327740288,6.914248772297061,0.19228366792070772,0.36985967224953875,0.3265360318882598,1.399927536274097e-12,2.5879373607954497e-11,3.310113598019112e-11,5.597768243432879e-11,1.0451125110639768e-13,43.6219323887163,2.3211300894602133e-14,6.955541795770414e-15,0.3424180595369485,26.00664355908158,210.5904365353841
64.0,30.0,0.0006931020847817655,0.01947125600385027,0.0,64.0,3.1794222952347098,15.293005567347038,0.01367365592255051,0.6322596116003966,7.08419136682346,0.2536758174653878,0.48903838444320336,0.4491495642191662,9.589742047302952e-13,7.099084756092224e-12,3.310113598019112e-11,3.717175387189012e-11,2.6106178173279847e-14,2.2405389981175103,3.617455051152167e-15,1.0872624003136197e-15,0.4869691974995564,25.882726388279302,211.16151443753438
64.0,100.0,5.286174971701508e-07,0.018389387034816327,0.0,64.0,3.177726448742585,15.251599855455403,0.014236726700728649,0.6352733207923821,7.1256036792974395,0.27300806406019773,0.5168423900667221,0.47810363218365,9.571110319184469e-13,7.990337180696552e-12,3.310113598019112e-11,3.797932750809331e-11,2.891038403956144e-14,0.057647524939475836,3.6992307966755514e-15,1.1223490611177218e-15,0.5221898928396302,25.885769176813483,211.6519368572375
64.0,300.0,4.997537459817401e-16,0.018386942084977636,1.0,64.0,3.182371574880331,15.251284994650343,0.014184398414304593,0.6352668001092802,7.125661872631117,0.2730120915207325,0.5168787763773135,0.4781417203134282,9.58354634811402e-13,7.95755898308455e-12,3.310113598019112e-11,3.783407969922039e-11,2.943384412998395e-14,1.5395325067288664e-06,3.657700593897459e-15,1.1110296593088613e-15,0.5222320630094054,25.885358559584265,211.64950385002115
64.0,1000.0,8.273296500317777e-07,0.018325124865690736,0.89,64.0,3.1894341729144817,14.439253534228635,0.013201197653045562,0.6352920634191568,7.240500792617144,0.3042565190213272,0.5240743911751787,0.4825010628744913,1.1241443107595128e-12,1.1919216609510156e-11,3.310113598019112e-11,4.216294269129891e-11,3.69320391020772e-14,0.01555229256922022,4.308624028507127e-15,1.3662104221389355e-15,0.5211600756469608,24.764311150743186,204.98921151350999
64.0,3000.0,1.3820741178001746e-05,0.017574582906578456,0.86,63.99,3.4190957810913316,10.876917545770787,0.007702006793398209,0.6523607767823776,7.558696491506035,0.4708745694543767,0.6275935529513662,0.557438573939946,0.010000000008747295,0.05231742933178353,3.310113598019112e-11,0.052317429361244255,5.401067588208406e-06,0.03743722634048965,1.4493759319827498e-07,5.628374351638551e-08,0.5633946480282824,19.508905750015977,172.58251298159593
64.0,5000.0,5.732832023985109e-06,0.01694330023342956,0.82,63.97,3.6412180821497184,8.482134013790239,0.003708009550980706,0.6884849340080073,7.669743643735824,0.6299806619226398,0.7526847684595614,0.6647263891739951,0.03000000000218417,0.1675994061512824,3.310113598019112e-11,0.1675994061793773,9.919419218039382e-05,0.0425958577442693,2.664222072559341e-06,1.0895293385842499e-06,0.6504726558797275,15.659368524488265,146.12467426399436
128.0,0.0,0.10776504896639678,0.10685668165558022,0.0,64.0,1.6396979819914943,22.82625444551257,0.5244580954671774,0.6889934640927333,7.04874129540739,0.0,0.0,0.0,0.0,23.48188413206236,23.48188413206236,0.0,0.7080395831795516,0.8812268335842972,0.07468544120013966,0.01579997970967251,0.0,37.66022326844,302.6233751663802
128.0,10.0,0.008975343774100489,0.026858399381229744,0.0,64.0,1.6225905213623775,21.28787301886616,0.50862953569284,0.6880948834437086,7.242253546695358,0.15179953824560946,0.2807064989074035,0.24956917775000778,0.93940705936268,23.3243200959923,23.48188413206236,15.287181596631397,0.5873430649407709,0.3956727360582651,0.05277327265370606,0.011542074601819932,0.25789185497720635,35.78685333852121,292.79063555719216
128.0,30.0,0.0009436466616427514,0.01928275489763495,0.0,64.0,1.6086545918040076,20.117941874675637,0.49635247594574544,0.6912302793526444,7.3753446446025555,0.22261782233319377,0.3815536968201171,0.3433972405727107,0.9854107171886818,23.236199600175592,23.48188413206236,18.602124930149742,0.5002231853794085,0.2218938675170165,0.036544154084660954,0.008230056212232524,0.360087980247162,34.229597120451984,284.63128198119773
128.0,100.0,7.235358786252084e-07,0.017998363113661757,0.0,64.0,1.60679163103626,19.762474268108157,0.4895805629739972,0.6934546241188511,7.409227548888518,0.2444856875831728,0.40693483015366416,0.3668339711243286,0.9897352229107735,23.205239598041473,23.48188413206236,19.295523598410725,0.4711508978944697,0.18212425275948044,0.03242343835333494,0.007379829193792815,0.3851666553212301,33.72695033576497,281.7799718143367
128.0,300.0,1.3289894077842797e-10,0.01799149671183842,0.97,64.0,1.6062613025723504,19.7128458557671,0.48895910228340467,0.6936498067911215,7.417160719096183,0.24596577811900372,0.4073043910279219,0.3670764795998457,0.9897404657565861,23.19849137858087,23.48188413206236,19.303422017215876,0.47049361387331645,0.18185117375362223,0.032357889288387495,0.007372233522750261,0.38509944982421457,33.661346757861764,281.3772977784845
128.0,1000.0,5.2829079149414885e-06,0.017823462958467,0.9,64.0,1.6005063244781885,18.489188627504532,0.46345369757914495,0.694131083894788,7.517208238346907,0.2920236763928921,0.4424477455271475,0.3946597370332087,0.9905511504832489,22.968306012185018,23.48188413206236,19.874396127917056,0.44080676703559185,0.17008590612199861,0.029939232912197248,0.0069964622710352075,0.4044537123221672,31.878598695997763,270.31492666176547
128.0,3000.0,7.48239879077352e-08,0.016500044579026773,0.96,64.0,1.6345074502711703,12.023328967728766,0.28116345184541136,0.7380325665193742,7.809034322626228,0.5506305066125051,0.6848410428581992,0.6028627299949177,0.9994759592316769,21.576700947694906,23.48188413206236,23.52569191841511,0.21926362068615016,0.074883873220288,0.011274836947148568,0.0034498112322450193,0.5882053646792995,21.988414520704563,206.4569316853964
128.0,5000.0,5.855416045801883e-06,0.01627685827606028,0.81,64.0,1.6935533802058709,9.309559205349263,0.19018551073868825,0.7865973537252283,7.975762468793581,0.6868062612134134,0.7910479748208558,0.6997404154471495,0.9997918723734861,21.534547689236422,23.48188413206236,25.209226542760025,0.1369151691189201,0.0443257412804603,0.005752446494384129,0.0021041335079308096,0.6648488242172941,17.56736488694791,173.74584173119857
256.0,0.0,0.12145389453727827,0.1190343067627761,0.0,64.0,1.4657290979619786,32.14031691448619,1.1009010351828392,0.7296747466595341,7.244499588840359,0.0,0.0,0.0,0.0,35.855738915793445,35.855738915793445,0.0,0.8699616222914136,0.6934752210261018,0.09116659564374588,0.013611559116137227,0.0,53.262530467215214,428.6617227612684
256.0,10.0,0.02324277660348509,0.03960493507520661,0.0,64.0,1.4416817226066696,28.70480373830006,1.039338977642729,0.7263645403693453,7.408135419599953,0.15250823492444326,0.25576138167021467,0.2192173199502594,0.7799787971058582,35.29987088401001,35.855738915793445,15.99316028399307,0.7803961329347251,0.42161147960457745,0.07327429906906381,0.011612789449724525,0.21920534448345205,48.633832771869905,404.00458696842054
256.0,30.0,0.0029146576179803537,0.021270915748988217,0.0,64.0,1.4230937232127143,25.707367090508566,0.9711960642129166,0.7378426873070939,7.478338004036956,0.2537014987457977,0.3832756049199195,0.32862654138721864,0.8941020393209665,34.99123673451194,35.855738915793445,22.136319200595597,0.6791459656069756,0.2885338155165907,0.05129437124873656,0.008659103689526755,0.32917149496257175,44.24698365163899,379.57192009927275
256.0,100.0,1.84123478354947e-06,0.017976973291424236,0.0,64.0,1.4179758329057877,24.755818450851876,0.9462263182299777,0.7425779314322515,7.501497829716967,0.28344238738586813,0.4173305809691471,0.35847164026408945,0.9136851913845205,34.9853501508142,35.855738915793445,23.707009419492348,0.6405889154069422,0.25007084392056117,0.04503556864655382,0.007782471354736388,0.3582299503550596,42.81449499630913,370.9195973359851
256.0,300.0,2.2001023487403607e-15,0.017975244361159323,1.0,64.0,1.4179603801672416,24.752967272710926,0.9461503157505274,0.7425883471315364,7.50158530346479,0.2835270696602983,0.4174082767733133,0.3585343562084621,0.9137178246135259,34.98491569274246,35.855738915793445,23.710128463797542,0.6404604755570642,0.24997039174093696,0.045016649456155404,0.0077798048401817145,0.3582798997668788,42.810144897575356,370.8914126343235
256.0,1000.0,1.2608673910228973e-09,0.01792876634792997,0.99,64.0,1.415873286816519,24.37830666397811,0.936061056242147,0.7431241370367639,7.5204543809448605,0.2944642687436429,0.42724522674316406,0.3666745738259437,0.915393998340204,34.984685361078576,35.855738915793445,23.988719219638384,0.6332863667333516,0.24695691243217793,0.044402956661112096,0.0077161035244789,0.3643401486502683,42.24624269902399,367.3054306463889
256.0,3000.0,1.562446443545571e-11,0.016281771141865253,0.99,64.0,1.4093923615408108,12.334835441750977,0.48249260912521635,0.8031728943546245,7.601965672860746,0.666407165489608,0.8108426833136617,0.7396700118441188,0.9987186371206405,33.73933832150849,35.855738915793445,36.78365106834796,0.25417935101267153,0.07408022918226484,0.010016311915758578,0.0026577115322984424,0.7653562997846771,23.296067022489293,238.8221729193823
256.0,5000.0,4.540571687486795e-07,0.01639549817298398,0.92,64.0,1.4162927339502547,11.248108385875243,0.43223447250906366,0.8173003146143885,7.6692427652707496,0.7065273040983885,0.8370430844253302,0.7642056266999522,0.9998072657947064,34.00014824462991,35.855738915793445,37.8630207413837,0.22211348928554567,0.06342504688187874,0.008215463833265988,0.0023336338006556302,0.780967203962633,21.491571392192867,224.47861945954924
