width,step,train_mse,test_mse,interpolates,hidden_rank,hidden_condition_log10,hidden_singular_value_max,hidden_singular_value_min,feature_coherence_max,feature_effective_rank,ntk_drift,head_null_fraction,head_minimum_norm_gap,test_null_response_rms,test_null_response_relative,feature_drift,train_feature_norm,test_feature_norm
16.0,0.0,0.06958067532848748,0.06247021387961465,0.0,0.0,0.06085172366722463,0.7120624223998827,0.1211924385902719,0.0720749833658577,0.3858055218509597,0.0,8.052061014396192e-16,0.14196468489410324,3.9473985785734187e-16,2.3461807314803376e-16,0.0,0.8484329659225993,5.368355563525789
16.0,10.0,0.007260800396917214,0.009152818078016453,0.0,0.0,0.10774370589689354,0.7839329242585804,0.17193854919561338,0.06895523733767726,0.42072258163237414,0.04137754916510923,1.2482456944413046e-15,0.12208260599397353,7.047427649978707e-16,4.0129259939458637e-16,0.03765260134804987,0.9523856667003564,5.774245717778433
16.0,30.0,0.0012622624486079554,0.004784654196740048,0.0,0.0,0.08873710136414667,0.8605314380877674,0.18713922118750467,0.0748439175056434,0.37257550535036316,0.0521232053316769,1.274831959518953e-15,0.04147491958989896,6.262798954795972e-16,3.3217235020062173e-16,0.07108791845829006,1.1123329230143304,7.104160461652595
16.0,100.0,3.2642712393590696e-05,0.004333723911693165,0.0,0.0,0.07584367810291669,0.8973387781855233,0.17469114193752078,0.07824660200009911,0.3742848248532624,0.05146104104490254,1.1751656871792047e-15,0.004334404385599188,6.477103211068048e-16,3.422490535606751e-16,0.08980888899513481,1.1656430515454137,7.722037437058832
16.0,300.0,1.898412731494243e-05,0.004374238717456769,0.2712931993250107,0.0,0.07350902315056383,0.8966650679892619,0.17021587654840675,0.0788728453417491,0.3722300765513926,0.051947258088361495,1.0993114795773964e-15,5.743830204024006e-05,6.032585561043018e-16,3.124725730934959e-16,0.09224744345107685,1.160676548684857,7.6958873041143
16.0,1000.0,1.9003325097418584e-05,0.004374174536358336,0.2551470164434615,0.0,0.07359742620716936,0.8848208454742325,0.16986605362314025,0.0787639200323971,0.37352652560095134,0.05170613128424766,1.1332082840207675e-15,0.00028048984762071296,6.139315172259327e-16,3.206472105162481e-16,0.09233875035897939,1.1456145489298708,7.636142714519788
16.0,3000.0,1.9427473069548774e-05,0.0043723782093065865,0.36660605559646725,0.0,0.08150124360633978,0.8434028950646855,0.16997597711856044,0.07822622457525616,0.39882391803289263,0.04358631059609575,1.0787369172942663e-15,0.0007142354867423462,6.205442937635279e-16,3.172509265515905e-16,0.09306907453712637,1.1362586186919617,7.5268984386496784
16.0,5000.0,2.1772945572490774e-05,0.004146488266591288,0.46249324319388707,0.0,0.12973105475277671,0.8185680487573492,0.2051655136399517,0.08424514907371249,0.4403173180423668,0.04086742770624479,9.536616760585485e-16,0.0017964432735834812,4.207190719425893e-16,2.3645051141261547e-16,0.08346723087304683,1.0916923774467047,7.730571788399294
32.0,0.0,0.05588430284636054,0.05537464032768056,0.0,0.0,0.049665249937183714,0.7099660715563229,0.0533537184449121,0.059534527756100256,0.35069416163460637,0.0,6.128214182955414e-16,0.15085352716286896,3.5727134315771336e-16,1.5050504909133795e-16,0.0,0.9093130478382111,5.227184205804184
32.0,10.0,0.004957602950351777,0.006392363878053122,0.0,0.0,0.0567779353106485,0.7779650685629268,0.059649133616603574,0.058090305377429305,0.36058625725182614,0.030363547039065707,8.55630934878045e-16,0.13472891892349873,7.836814039439463e-16,3.318275989442384e-16,0.03266063887129614,1.0496788091012395,6.496774611457743
32.0,30.0,0.0005448401601660483,0.0035332372772929796,0.0,0.0,0.06818028823284372,0.9494947069219862,0.07704872498946629,0.06554024592215177,0.3635778586139508,0.04408556351370919,8.585960545394359e-16,0.04557733373309427,5.574914651993382e-16,2.2846918252279733e-16,0.05856084558127726,1.3510095025716289,7.993122126032407
32.0,100.0,7.821029403622045e-07,0.0033883791488297245,0.0,0.0,0.06769648422886372,0.9941559560740847,0.07716638151985622,0.06661635487628295,0.3586744663128513,0.04301936905979345,9.90336803872007e-16,0.001506939982454024,7.067126038881169e-16,2.868143781772142e-16,0.06839090180686679,1.4052619775521027,8.084509777221742
32.0,300.0,3.801204356141236e-15,0.0033843339112905033,0.0,0.0,0.06786497167499023,0.9939544144109104,0.07733941043026904,0.06660481945172632,0.3582917129423727,0.043340119765993355,9.55999831429308e-16,7.986850533597786e-08,7.178231304078728e-16,2.9124093154709286e-16,0.06844192693317168,1.4045584236474156,8.081282178275286
32.0,1000.0,9.071610968204224e-06,0.0033941036758398505,0.2861817604250837,0.0,0.0685427370148256,0.8922011827176248,0.07616098670143379,0.06643599286088675,0.34785163389384227,0.03963457573725122,9.473024638907906e-16,0.0006468916823650193,7.10595460223719e-16,2.9034947925975286e-16,0.06890245387715678,1.3182740568183255,7.651070329681552
32.0,3000.0,1.6043788182417725e-05,0.003321055931502485,0.3570714214271425,0.0,0.1146707608262248,1.134773041983921,0.09586284150754545,0.06919439121235119,0.4362950409024814,0.06187026228445634,1.301481530717781e-15,0.0015426293692943891,8.239508732005448e-16,3.653321540323067e-16,0.06135819746566175,1.5792575183860762,9.531347352320815
32.0,5000.0,9.066420815513044e-06,0.003139384999700248,0.41424630354415964,0.0,0.1956492495892094,0.8588715424515169,0.08967116262980515,0.06876541920495512,0.44769182690204884,0.061376876472111076,1.3483050297376697e-15,0.0030583661088519416,6.479382297320646e-16,3.196333941464427e-16,0.05084231557988862,1.2057388723767744,8.159461639084464
64.0,0.0,0.057703280592634035,0.058217138543644596,0.0,0.0,0.5156690766023764,0.7792397616379648,0.010973444980694294,0.05155239311748554,0.2194921309751587,0.0,2.0245143293373233e-13,409.69351705070306,6.441842044017098e-14,1.897572613185966e-14,0.0,0.9730416763850868,4.623485952170331
64.0,10.0,0.004691358117878645,0.007389807202257923,0.0,0.0,0.47934820080843304,0.8123832144983191,0.010086805168765783,0.057068336022437764,0.22382904571362888,0.02254030996781482,7.21362949444411e-13,352.2560906118344,6.593803282338481e-14,1.9677612840505826e-14,0.027534780401501778,1.083102186495208,5.191423231216241
64.0,30.0,0.0003937361815657069,0.004172200529588137,0.0,0.0,0.38401393378316484,0.9357237099745972,0.009828523785034833,0.055806957098250495,0.23264445713000564,0.03428170204277511,5.771491845100203e-14,3.5964937527951357,5.268387676326366e-15,1.5546705360007984e-15,0.04459728778418785,1.3019990334203462,6.303076356219137
64.0,100.0,4.273637353728256e-07,0.003723354575650116,0.0,0.0,0.4044173632010057,0.9781279881829398,0.010304314744259814,0.05688843259587822,0.23247322366015402,0.038371836503541604,9.219596571546461e-14,0.1015641778037899,6.218436259615795e-15,1.884885278397582e-15,0.04882767739668093,1.3692200902363583,6.66382855650041
64.0,300.0,3.2609320286473527e-16,0.0037125626372505553,0.0,0.0,0.4103051204729794,0.9781835842329921,0.010311227634407867,0.056864057816823056,0.23244534117999088,0.03838153422950584,8.360150011528296e-14,2.4765113612483928e-06,6.1190416985598246e-15,1.8966734498152585e-15,0.04882866989488858,1.369290853566156,6.663326964316691
64.0,1000.0,5.369084964826485e-06,0.003749529474156529,0.31288975694324034,0.0,0.4367445381313335,1.191217875023118,0.009534608628349877,0.05524544982475161,0.3352722686929922,0.04978283706568943,1.8554223891988752e-13,0.14165174800248376,1.2172150129086445e-14,4.10984692765616e-15,0.046009287362936704,1.628292692260851,9.921903814240947
64.0,3000.0,6.59326326520643e-05,0.0036757423201484135,0.34698703145794946,0.09949874371066203,0.6589184844458027,1.3875226970510939,0.007653711251697407,0.055759389533640055,0.4959460096469132,0.07801490109917798,5.373993581076033e-05,0.2729224609728135,1.442110135584736e-06,5.600159405182964e-07,0.03658811958473517,2.061731702278904,14.040566998428842
64.0,5000.0,2.667627826720675e-05,0.0034443156275321468,0.38418745424597095,0.17058722109231986,0.591398465561628,0.9622499014460306,0.0040421663559062765,0.056821985324188404,0.582189680231995,0.06803641786866095,0.000930367488256103,0.15992078460208156,2.496295407606854e-05,1.0167756964710346e-05,0.033364465309731535,1.4252553052484431,10.913968739831878
128.0,0.0,0.047005278827043515,0.04520544881852626,0.0,0.0,0.03241408104123433,0.8660919734591778,0.04008427184660677,0.045600488751332664,0.18838187816066912,0.0,0.045429571465357824,0.07342384123234282,0.007360069839823301,0.0015842394417940036,0.0,1.1291575370881597,5.404197605246562
128.0,10.0,0.004529597884615828,0.007276796000109591,0.0,0.0,0.02946162449368413,0.876638948049194,0.037935128424189085,0.04837522396308961,0.2050545928857037,0.019914017889348563,0.053963066133538844,0.051804191274504585,0.007895003181157646,0.0017360148803856929,0.021890732203920266,1.1607105463731702,6.067435496981259
128.0,30.0,0.0005480023434614341,0.0036784781241560286,0.0,0.0,0.031529611117429544,1.0017750894214803,0.0395533518887158,0.05061962417982016,0.22851613452080935,0.03237556844401762,0.05526948102046764,0.03035829522082476,0.0063086007953626925,0.0014642613099214426,0.032468419512903204,1.4020132201139637,7.541014837736956
128.0,100.0,3.5087379487181037e-07,0.003202558556766721,0.0,0.0,0.030185750458415282,1.053064809314411,0.038891367272565494,0.050172952843023554,0.23449465264687505,0.03599980834341859,0.05712225527995612,0.03144271619400346,0.005968576974702375,0.0014128971951383852,0.03496375370561078,1.4971607492917338,8.138405925381106
128.0,300.0,9.334578472974052e-10,0.003201930048898265,0.17058722109231983,0.0,0.030517169272454608,1.0220765736623239,0.038515746162838024,0.05055293207881562,0.24657702913103716,0.03522756728295422,0.057883297392539265,0.03181347202867417,0.006058580629203044,0.0014220745615433899,0.034958588877698614,1.4642667473131157,7.937438371747954
128.0,1000.0,5.243745451064619e-05,0.0033146488416056588,0.3,0.0,0.035803838129390836,2.301609084577827,0.055967918758344025,0.04906725068695405,0.3631331196570689,0.08908898974076006,0.0937061310647358,0.04602711433108952,0.008862840831202784,0.0018227055519715752,0.054014875578287644,3.346536203782851,20.828561553170896
128.0,3000.0,5.322655847234616e-07,0.002987973074789446,0.19595917942265428,0.0,0.049871341533973004,1.3697268220453036,0.04610387374477551,0.04931846097603662,0.5302361281165199,0.06938928789240771,0.04898890576142056,0.019092934591489547,0.0035903877747917043,0.0009088374856408513,0.05432512180904439,2.114711347624221,15.89751658361161
128.0,5000.0,4.367232766296172e-05,0.002950054718146952,0.3923009049186606,0.0,0.06352014748151902,0.9968273260927184,0.03175643209857227,0.0474340390471008,0.6537658759348784,0.05644565426797202,0.02722856994075213,0.00906880956699472,0.0017043561792091041,0.0005387290480675442,0.03509406824756559,1.4960410753635431,13.227695926405854
256.0,0.0,0.06467284591690675,0.05988091061328352,0.0,0.0,0.02181312670133253,0.8918845653905503,0.05738678527481684,0.032634969298935036,0.14587069914491418,0.0,0.02421685566179629,0.033416113005103866,0.007658540939583172,0.0011317519172294353,0.0,1.2873811476819985,5.631453279435576
256.0,10.0,0.011854901594571999,0.012386534644698532,0.0,0.0,0.02431892503833457,1.1094880380740744,0.06305537053279783,0.036776333474950004,0.16402201103024647,0.023957766058371317,0.04094777990267287,0.026320007932036645,0.009036298388109794,0.0014577478303138256,0.019412026160267565,1.6481244984349086,7.613844913733869
256.0,30.0,0.0015481671377440042,0.0038287729635493326,0.0,0.0,0.02368297846361435,1.4294249289441943,0.06578958072121309,0.04007358955125675,0.19124535400555961,0.039180484273997986,0.045073879734139025,0.026751743458936487,0.006935750561700081,0.0012230636250374234,0.03350219220343328,2.149551089482755,10.767966486151593
256.0,100.0,1.1709891773624258e-06,0.0029580258574972264,0.0,0.0,0.02313704809081503,1.5376119118060543,0.06764537084378112,0.04069813682071974,0.20172014886233852,0.042183328319890065,0.04623334308527462,0.025900751425439437,0.006198475320348091,0.0011283949806765363,0.03690359327917912,2.321334348752159,12.04957965384323
256.0,300.0,1.2877496695787594e-15,0.0029576016666852775,0.0,0.0,0.02313662099633676,1.5380182885006972,0.06764866439903602,0.04070631061624586,0.201739222637623,0.04218885441225782,0.04624851521591998,0.02589870178126562,0.006197591456278924,0.0011283670526717096,0.036906953241009566,2.321947801213233,12.054201329661323
256.0,1000.0,1.2545472120411286e-08,0.0029073808849455736,0.09949874371066199,0.0,0.023998557262720314,1.9433674023850738,0.08008262628350034,0.03996378656387522,0.24701079323401987,0.0576365323129658,0.06740735489333223,0.034155902586380446,0.007763867075750058,0.001280278510377668,0.043584026991398926,2.9259518930654833,18.178826961011147
256.0,3000.0,1.5489485450611347e-10,0.003202090713257981,0.09949874371066199,0.0,0.035820091192833865,1.4130486925696732,0.0697921653422362,0.03915279360549268,0.6040301048467193,0.06360447189465332,0.03394025020521209,0.014048539788680986,0.0027594056373150978,0.0005678944834756064,0.1009819067882741,2.2114915206676145,16.9961800828103
256.0,5000.0,3.1845053056500858e-06,0.0034005059322742546,0.2712931993250107,0.0,0.0352333304612843,1.242296692812705,0.05508694584817071,0.04034078811171502,0.7000246281651737,0.052570815011627546,0.032218763278590995,0.007333810488225921,0.0015145582255897514,0.0003368112515258915,0.08351079718430082,1.9051935559986153,17.682733701208534
