scenario,n_train,rank_mean,rank_std,nullity_mean,nullity_std,operator_norm_mean,operator_norm_std,trace_mean,trace_std
isotropic,6,6.0,0.0,54.0,0.0,1.0000000000000018,2.5177491625509456e-16,54.0,5.371198213442017e-15
isotropic,12,12.0,0.0,48.0,0.0,1.0000000000000022,4.440892098500626e-16,48.0,6.578347465140776e-15
isotropic,18,18.0,0.0,42.0,0.0,1.0000000000000018,2.220446049250313e-16,42.0,8.907124574307214e-15
isotropic,24,24.0,0.0,36.0,0.0,1.0000000000000022,3.025957901444651e-16,36.0,9.303188203204756e-15
isotropic,30,30.0,0.0,30.0,0.0,1.0000000000000018,2.3737566748887e-16,29.999999999999996,5.6970160197328794e-15
isotropic,36,36.0,0.0,24.0,0.0,1.0000000000000018,3.025957901444651e-16,24.0,4.453562287153607e-15
isotropic,42,42.0,0.0,18.0,0.0,1.0000000000000018,3.4603152453359856e-16,18.0,3.79801067982192e-15
isotropic,48,48.0,0.0,12.0,0.0,1.0000000000000013,3.8459253727671276e-16,12.0,2.4207663211557206e-15
isotropic,54,54.0,0.0,6.0,0.0,1.000000000000001,3.7532388518380547e-16,6.0,1.2103831605778603e-15
isotropic,60,60.0,0.0,0.0,0.0,0.0,0.0,0.0,0.0
power_law,6,6.0,0.0,54.0,0.0,0.3937170185399885,0.08894197318532165,3.1663181817205395,0.13800088979154831
power_law,12,12.0,0.0,48.0,0.0,0.2540275838911618,0.05069799294758334,2.439895129278706,0.07323046755126154
power_law,18,18.0,0.0,42.0,0.0,0.18471856792028357,0.038147199151769465,1.9509470243800708,0.05958993721718709
power_law,24,24.0,0.0,36.0,0.0,0.13738195906858278,0.019439137214283916,1.554936149524674,0.04301875432874373
power_law,30,30.0,0.0,30.0,0.0,0.11001849938453542,0.017528086240428647,1.2188545893819147,0.03498115769061017
power_law,36,36.0,0.0,24.0,0.0,0.08757265558639936,0.008010710727853036,0.914670836088213,0.017572061922717395
power_law,42,42.0,0.0,18.0,0.0,0.071216460874922,0.00674113771987825,0.6539680473718814,0.014918372265295927
power_law,48,48.0,0.0,12.0,0.0,0.05760255129695062,0.006755406207538348,0.41764733079611627,0.01686079882858789
power_law,54,54.0,0.0,6.0,0.0,0.04280677716036752,0.0031877335744547285,0.20222281014299925,0.00980078924323041
power_law,60,60.0,0.0,0.0,0.0,0.0,0.0,0.0,0.0
low_rank,6,6.0,0.0,54.0,0.0,1.0000000000000009,5.173482731197488e-16,6.0,1.0070996650203782e-15
low_rank,12,12.0,0.0,48.0,0.0,0.0,0.0,0.0,0.0
low_rank,18,12.0,0.0,48.0,0.0,0.0,0.0,0.0,0.0
low_rank,24,12.0,0.0,48.0,0.0,0.0,0.0,0.0,0.0
low_rank,30,12.0,0.0,48.0,0.0,0.0,0.0,0.0,0.0
low_rank,36,12.0,0.0,48.0,0.0,0.0,0.0,0.0,0.0
low_rank,42,12.0,0.0,48.0,0.0,0.0,0.0,0.0,0.0
low_rank,48,12.0,0.0,48.0,0.0,0.0,0.0,0.0,0.0
low_rank,54,12.0,0.0,48.0,0.0,0.0,0.0,0.0,0.0
low_rank,60,12.0,0.0,48.0,0.0,0.0,0.0,0.0,0.0
