scenario,n_train,replicates,rank_mean,rank_se,rank_ci95_low,rank_ci95_high,nullity_mean,nullity_se,nullity_ci95_low,nullity_ci95_high,operator_norm_mean,operator_norm_se,operator_norm_ci95_low,operator_norm_ci95_high,trace_mean,trace_se,trace_ci95_low,trace_ci95_high,top_expected_risk_mean,top_expected_risk_se,top_expected_risk_ci95_low,top_expected_risk_ci95_high,top_test_risk_mean,top_test_risk_se,top_test_risk_ci95_low,top_test_risk_ci95_high,random_trace_prediction_mean,random_trace_prediction_se,random_trace_prediction_ci95_low,random_trace_prediction_ci95_high,random_quadratic_risk_mean,random_quadratic_risk_se,random_quadratic_risk_ci95_low,random_quadratic_risk_ci95_high,random_test_risk_mean,random_test_risk_se,random_test_risk_ci95_low,random_test_risk_ci95_high,train_null_residual_mean,train_null_residual_se,train_null_residual_ci95_low,train_null_residual_ci95_high
isotropic,6,100,6.0,0.0,6.0,6.0,54.0,0.0,54.0,54.0,1.0000000000000018,4.240101267855019e-17,1.0000000000000018,1.0000000000000018,53.99999999999999,9.311015876615826e-16,53.99999999999999,53.99999999999999,0.5000000000000003,3.606175468181343e-17,0.5000000000000002,0.5000000000000004,0.49925691339831296,0.0011149107315959175,0.497071688364385,0.501442138432241,0.49999999999999994,9.775338939500883e-18,0.49999999999999994,0.49999999999999994,0.5,2.0115661229488345e-18,0.5,0.5,0.49990794775799324,0.000239732181258732,0.4994380726827261,0.5003778228332604,3.279315739670352e-15,5.359713661313514e-17,3.1742653519086074e-15,3.384366127432097e-15
isotropic,12,100,12.0,0.0,12.0,12.0,48.0,0.0,48.0,48.0,1.0000000000000018,4.292630334082678e-17,1.0000000000000018,1.0000000000000018,48.0,8.1422471840673505e-16,48.0,48.0,0.5000000000000003,4.184682383877598e-17,0.5000000000000002,0.5000000000000004,0.49863295530105967,0.001109745659869421,0.4964578538077156,0.5008080567944038,0.5,8.534352278053518e-18,0.5,0.5,0.5,2.6168207644729584e-18,0.5,0.5,0.49978450067755936,0.0002418202678946072,0.49931053295248595,0.5002584684026328,3.967883560591821e-15,4.683695934240149e-17,3.8760831202807145e-15,4.059684000902928e-15
isotropic,18,100,18.0,0.0,18.0,18.0,42.0,0.0,42.0,42.0,1.0000000000000013,4.6757888209350646e-17,1.0000000000000013,1.0000000000000013,42.0,9.527580078079631e-16,42.0,42.0,0.5000000000000003,3.3927049330255876e-17,0.5000000000000002,0.5000000000000004,0.4982928801959362,0.0011082333377774815,0.49612074285389235,0.5004650175379801,0.5,1.274670363231699e-17,0.5,0.5,0.5,3.204937810639273e-18,0.5,0.5,0.4999645173294484,0.00026161170673267474,0.4994517583842524,0.5004772762746444,4.70542421999552e-15,5.359028333380354e-17,4.600387264661265e-15,4.810461175329775e-15
isotropic,24,100,24.0,0.0,24.0,24.0,36.0,0.0,36.0,36.0,1.0000000000000016,3.6669459639638655e-17,1.0000000000000016,1.0000000000000016,36.0,8.569467825559616e-16,36.0,36.0,0.5000000000000003,3.741729279865675e-17,0.5000000000000002,0.5000000000000004,0.4997992895998388,0.001252396145791898,0.4973445931540867,0.5022539860455909,0.5,1.33897934774369e-17,0.5,0.5,0.5,3.3936222522076948e-18,0.5,0.5,0.49961015797038827,0.00025294789118268424,0.4991143801036702,0.5001059358371063,5.267231336796378e-15,5.395418097308698e-17,5.161481142089128e-15,5.3729815315036286e-15
isotropic,30,100,30.0,0.0,30.0,30.0,30.0,0.0,30.0,30.0,1.0000000000000018,4.638360521155014e-17,1.0000000000000018,1.0000000000000018,29.999999999999996,5.426859785202775e-16,29.999999999999996,29.999999999999996,0.5000000000000003,2.950590026103794e-17,0.5000000000000002,0.5000000000000004,0.49824101560975576,0.0010646011462402813,0.4961543973631248,0.5003276338563867,0.49999999999999994,8.570746269504439e-18,0.49999999999999994,0.49999999999999994,0.5,4.023132245897669e-18,0.5,0.5,0.49998690265084533,0.000257096149142381,0.49948299419852626,0.5004908111031644,6.050495762014274e-15,5.580329756421265e-17,5.941121298788417e-15,6.159870225240131e-15
isotropic,36,100,36.0,0.0,36.0,36.0,24.0,0.0,24.0,24.0,1.0000000000000013,3.660149023988822e-17,1.0000000000000013,1.0000000000000013,24.0,4.2398663526899943e-16,24.0,24.0,0.5000000000000003,2.777799530879628e-17,0.5000000000000003,0.5000000000000003,0.500468061597031,0.0010600669580932013,0.49839033035916835,0.5025457928348938,0.5,9.54984773229256e-18,0.5,0.5,0.5,3.9450057360762646e-18,0.5,0.5,0.5000476895749391,0.0002844609225836925,0.49949014616667503,0.5006052329832031,9.789289533332251e-15,8.986541194683576e-17,9.613153325916453e-15,9.965425740748049e-15
isotropic,42,100,42.0,0.0,42.0,42.0,18.0,0.0,18.0,18.0,1.0000000000000013,3.687261609528752e-17,1.0000000000000013,1.0000000000000013,18.0,3.9114090282281235e-16,18.0,18.0,0.5000000000000003,3.283610067367468e-17,0.5000000000000002,0.5000000000000004,0.5005757576345463,0.0010104235914733981,0.49859532739525847,0.5025561878738342,0.5,1.2082284511506425e-17,0.5,0.5,0.5,3.572354631233187e-18,0.5,0.5,0.49981495515718,0.0003169355579849336,0.4991937614635295,0.5004361488508304,1.0842639977022431e-14,8.324221396939588e-17,1.0679485237642415e-14,1.1005794716402447e-14
isotropic,48,100,48.0,0.0,48.0,48.0,12.0,0.0,12.0,12.0,1.000000000000001,4.004520894377746e-17,1.000000000000001,1.000000000000001,12.0,2.9927178578089617e-16,12.0,12.0,0.5000000000000003,2.9171710297643655e-17,0.5000000000000002,0.5000000000000004,0.500603639354264,0.0009872300166881619,0.4986686685215552,0.5025386101869728,0.5,1.3012540274807991e-17,0.5,0.5,0.5,4.7993066146432505e-18,0.5,0.5,0.49944666465286225,0.00034371807583516184,0.4987729772242253,0.5001203520814992,1.2902520966151087e-14,1.2005560149128462e-16,1.266721198722817e-14,1.3137829945074005e-14
isotropic,54,100,54.0,0.0,54.0,54.0,6.0,0.0,6.0,6.0,1.0000000000000007,3.88457886029378e-17,1.0000000000000007,1.0000000000000007,6.0,1.4393595494877738e-16,6.0,6.0,0.5000000000000001,2.687241075817544e-17,0.5000000000000001,0.5000000000000001,0.4966602888455514,0.0012036301100078412,0.49430117382993605,0.4990194038611668,0.5,1.2197661729338515e-17,0.5,0.5,0.5,5.87792616252005e-18,0.5,0.5,0.4989449137479652,0.0004821606096678246,0.49799987895301623,0.49988994854291413,1.662561429813681e-14,1.442540722015518e-16,1.634287631662177e-14,1.690835227965185e-14
isotropic,60,100,60.0,0.0,60.0,60.0,0.0,0.0,0.0,0.0,0.0,0.0,0.0,0.0,0.0,0.0,0.0,0.0,0.0,0.0,0.0,0.0,0.0,0.0,0.0,0.0,0.0,0.0,0.0,0.0,0.0,0.0,0.0,0.0,0.0,0.0,0.0,0.0,0.0,0.0,0.0,0.0
low_rank,6,100,6.0,0.0,6.0,6.0,54.0,0.0,54.0,54.0,1.0000000000000002,4.638360521155014e-17,1.0000000000000002,1.0000000000000002,6.0,1.1842378929335003e-16,6.0,6.0,0.5000000000000001,2.2593554489095512e-17,0.5000000000000001,0.5000000000000001,0.4977271672554408,0.001059115757529205,0.49565130037068356,0.49980303414019805,0.05555555555555555,1.1004550896903097e-18,0.05555555555555555,0.05555555555555555,0.05586356215080137,0.0004917964685488385,0.054899641072445646,0.056827483229157094,0.05591668478516507,0.0004977195196088862,0.05494115452673166,0.05689221504359849,9.208964014260918e-16,2.5730904841209835e-17,8.704638279373205e-16,9.713289749148631e-16
low_rank,12,100,12.0,0.0,12.0,12.0,48.0,0.0,48.0,48.0,0.0,0.0,0.0,0.0,0.0,0.0,0.0,0.0,0.0,0.0,0.0,0.0,0.0,0.0,0.0,0.0,0.0,0.0,0.0,0.0,0.0,0.0,0.0,0.0,0.0,0.0,0.0,0.0,0.0,0.0,0.0,0.0
low_rank,18,100,12.0,0.0,12.0,12.0,48.0,0.0,48.0,48.0,0.0,0.0,0.0,0.0,0.0,0.0,0.0,0.0,0.0,0.0,0.0,0.0,0.0,0.0,0.0,0.0,0.0,0.0,0.0,0.0,0.0,0.0,0.0,0.0,0.0,0.0,0.0,0.0,0.0,0.0,0.0,0.0
low_rank,24,100,12.0,0.0,12.0,12.0,48.0,0.0,48.0,48.0,0.0,0.0,0.0,0.0,0.0,0.0,0.0,0.0,0.0,0.0,0.0,0.0,0.0,0.0,0.0,0.0,0.0,0.0,0.0,0.0,0.0,0.0,0.0,0.0,0.0,0.0,0.0,0.0,0.0,0.0,0.0,0.0
low_rank,30,100,12.0,0.0,12.0,12.0,48.0,0.0,48.0,48.0,0.0,0.0,0.0,0.0,0.0,0.0,0.0,0.0,0.0,0.0,0.0,0.0,0.0,0.0,0.0,0.0,0.0,0.0,0.0,0.0,0.0,0.0,0.0,0.0,0.0,0.0,0.0,0.0,0.0,0.0,0.0,0.0
low_rank,36,100,12.0,0.0,12.0,12.0,48.0,0.0,48.0,48.0,0.0,0.0,0.0,0.0,0.0,0.0,0.0,0.0,0.0,0.0,0.0,0.0,0.0,0.0,0.0,0.0,0.0,0.0,0.0,0.0,0.0,0.0,0.0,0.0,0.0,0.0,0.0,0.0,0.0,0.0,0.0,0.0
low_rank,42,100,12.0,0.0,12.0,12.0,48.0,0.0,48.0,48.0,0.0,0.0,0.0,0.0,0.0,0.0,0.0,0.0,0.0,0.0,0.0,0.0,0.0,0.0,0.0,0.0,0.0,0.0,0.0,0.0,0.0,0.0,0.0,0.0,0.0,0.0,0.0,0.0,0.0,0.0,0.0,0.0
low_rank,48,100,12.0,0.0,12.0,12.0,48.0,0.0,48.0,48.0,0.0,0.0,0.0,0.0,0.0,0.0,0.0,0.0,0.0,0.0,0.0,0.0,0.0,0.0,0.0,0.0,0.0,0.0,0.0,0.0,0.0,0.0,0.0,0.0,0.0,0.0,0.0,0.0,0.0,0.0,0.0,0.0
low_rank,54,100,12.0,0.0,12.0,12.0,48.0,0.0,48.0,48.0,0.0,0.0,0.0,0.0,0.0,0.0,0.0,0.0,0.0,0.0,0.0,0.0,0.0,0.0,0.0,0.0,0.0,0.0,0.0,0.0,0.0,0.0,0.0,0.0,0.0,0.0,0.0,0.0,0.0,0.0,0.0,0.0
low_rank,60,100,12.0,0.0,12.0,12.0,48.0,0.0,48.0,48.0,0.0,0.0,0.0,0.0,0.0,0.0,0.0,0.0,0.0,0.0,0.0,0.0,0.0,0.0,0.0,0.0,0.0,0.0,0.0,0.0,0.0,0.0,0.0,0.0,0.0,0.0,0.0,0.0,0.0,0.0,0.0,0.0
power_law,6,100,6.0,0.0,6.0,6.0,54.0,0.0,54.0,54.0,0.5141480173952769,0.011909717045189432,0.49080497198670564,0.5374910628038482,3.350695403466852,0.015753516123338827,3.319818511865108,3.381572295068596,0.25707400869763847,0.005954858522594719,0.24540248599335282,0.26874553140192414,0.2575182107149161,0.005986092222454871,0.24578546995890455,0.26925095147092765,0.03102495743950789,0.00014586589003091508,0.030739060295047298,0.031310854583968484,0.030953840473003123,0.0001946529364714042,0.03057232071751917,0.031335360228487076,0.03094806952488067,0.00019873503797054868,0.030558548850458393,0.03133759019930294,8.962121516792729e-16,1.47767049488016e-17,8.672498099796217e-16,9.25174493378924e-16
power_law,12,100,12.0,0.0,12.0,12.0,48.0,0.0,48.0,48.0,0.3050298117733766,0.0069160611911746,0.2914743318386744,0.31858529170807887,2.545109223372113,0.010359642042989803,2.5248043249678527,2.565414121776373,0.15251490588668828,0.0034580305955873004,0.14573716591933716,0.1592926458540394,0.15259023828031537,0.003523025069197286,0.14568510914468868,0.15949536741594206,0.026511554410126172,0.00010791293794781046,0.026300045051748464,0.02672306376850388,0.026400985002632053,0.00014891792111364633,0.026109105877249305,0.0266928641280148,0.02638439696212691,0.00015152629485820542,0.02608740542420483,0.026681388500048992,1.0291524828536555e-15,1.4121514618227166e-17,1.0014743142019302e-15,1.0568306515053808e-15
power_law,18,100,18.0,0.0,18.0,18.0,42.0,0.0,42.0,42.0,0.20379248827485172,0.003305977306863641,0.19731277275339898,0.21027220379630446,1.9961269865655005,0.0061437890666104005,1.984085159994944,2.0081688131360567,0.10189624413742586,0.0016529886534318201,0.09865638637669949,0.10513610189815223,0.10170135922143904,0.0016883503977761821,0.09839219244179773,0.10501052600108035,0.02376341650673215,7.314034603107618e-05,0.023620061428511238,0.02390677158495306,0.023746899111952463,0.00010318631355880736,0.023544653937377202,0.023949144286527724,0.02375031814224633,0.00010166952971313957,0.023551045864008576,0.02394959042048408,1.16569930794924e-15,1.3709855156768137e-17,1.1388279918419744e-15,1.1925706240565056e-15
power_law,24,100,24.0,0.0,24.0,24.0,36.0,0.0,36.0,36.0,0.14900094485347698,0.00206343093717372,0.14495662021661648,0.15304526949033748,1.571460896310088,0.004019123584796859,1.5635834140838862,1.5793383785362898,0.0745004724267385,0.0010317154685868597,0.07247831010830826,0.07652263474516875,0.07460174149811474,0.0010471100867490615,0.07254940572808659,0.0766540772681429,0.021825845782084557,5.5821160899956376e-05,0.02171643630672064,0.021935255257448473,0.02173533208265085,7.139658203731847e-05,0.021595394781857707,0.021875269383443995,0.021745361199798845,7.490631423009495e-05,0.02159854482390786,0.02189217757568983,1.2786933807561203e-15,1.455440815287879e-17,1.250166740776478e-15,1.3072200207357626e-15
power_law,30,100,30.0,0.0,30.0,30.0,30.0,0.0,30.0,30.0,0.11622234158256546,0.0015697311271411578,0.11314566857336879,0.11929901459176213,1.2313377807072665,0.003127034902897239,1.2252087922975878,1.2374667691169452,0.05811117079128273,0.0007848655635705788,0.056572834286684394,0.05964950729588107,0.058159721127913906,0.0008151639548820012,0.056561999776345184,0.05975744247948263,0.020522296345121108,5.2117248381620646e-05,0.020420146538293132,0.020624446151949083,0.02055318296154559,7.148558207335193e-05,0.020413071220681818,0.02069329470240936,0.020542414955730396,7.31298806304361e-05,0.020399080389694742,0.02068574952176605,1.4453632100649746e-15,1.5155583704648928e-17,1.4156582660038627e-15,1.4750681541260865e-15
power_law,36,100,36.0,0.0,36.0,36.0,24.0,0.0,24.0,24.0,0.09093060522176254,0.0012191057165949276,0.08854115801723648,0.09332005242628859,0.9314907467856045,0.002554294616489744,0.9264843293372846,0.9364971642339244,0.04546530261088126,0.0006095528582974651,0.04427057900861823,0.046660026213144294,0.045347787089115285,0.0006222403875442912,0.04412819592952848,0.04656737824870209,0.019406057224700093,5.321447117686965e-05,0.01930175686119343,0.019510357588206757,0.01936837278511445,6.819006673644578e-05,0.019234720254311017,0.019502025315917885,0.019370836878798835,6.849919593716928e-05,0.019236578454761982,0.019505095302835687,2.2139466942551286e-15,2.7435869032259473e-17,2.1601723909519e-15,2.267720997558357e-15
power_law,42,100,42.0,0.0,42.0,42.0,18.0,0.0,18.0,18.0,0.07206289770734067,0.0008048883472285197,0.07048531654677277,0.07364047886790857,0.6635329581095009,0.0020624708507859446,0.6594905152419605,0.6675754009770413,0.03603144885367034,0.00040244417361425964,0.03524265827338639,0.036820239433954294,0.03600930945610294,0.00039965385933806265,0.03522598789180034,0.036792631020405545,0.018431471058597243,5.7290856966276216e-05,0.01831918097894334,0.018543761138251146,0.018379477642142653,7.292421869590662e-05,0.018236546173498677,0.01852240911078663,0.01837607507029797,7.645878345226657e-05,0.01822621585473153,0.018525934285864413,2.467334843951587e-15,3.127491317609979e-17,2.4060360141264315e-15,2.5286336737767425e-15
power_law,48,100,48.0,0.0,48.0,48.0,12.0,0.0,12.0,12.0,0.0580935258793261,0.0005835191215037326,0.05694982840117878,0.05923722335747342,0.42317580171220726,0.001640925007479618,0.4199595886975472,0.42639201472686733,0.02904676293966305,0.000291759560751866,0.028474914200589393,0.029618611678736705,0.028996977469014317,0.0003000259701744258,0.02840892656747244,0.029585028370556193,0.017632325071341964,6.837187531165074e-05,0.01749831619573113,0.0177663339469528,0.017704686889177885,8.174757897830519e-05,0.017544461634380407,0.017864912143975363,0.017701307871368286,8.265157144180886e-05,0.01753931079134234,0.01786330495139423,2.792443274086699e-15,4.204406169939676e-17,2.7100369131558814e-15,2.8748496350175165e-15
power_law,54,100,54.0,0.0,54.0,54.0,6.0,0.0,6.0,6.0,0.04564117898295597,0.00041456189652991837,0.04482863766575733,0.04645372030015461,0.20404498157612305,0.0009193702482901952,0.20224301588947427,0.20584694726277183,0.022820589491477986,0.00020728094826495905,0.022414318832878664,0.023226860150077307,0.02282356448198009,0.00020915211715796263,0.022413626332350483,0.023233502631609695,0.01700374846467692,7.661418735751628e-05,0.016853584657456188,0.017153912271897654,0.017055782279095065,8.205878576724842e-05,0.016894947058991257,0.017216617499198873,0.017075800058248217,8.390272131142447e-05,0.016911350724477827,0.017240249392018608,3.3243229245910855e-15,4.5648812130175035e-17,3.2348512528159426e-15,3.4137945963662284e-15
power_law,60,100,60.0,0.0,60.0,60.0,0.0,0.0,0.0,0.0,0.0,0.0,0.0,0.0,0.0,0.0,0.0,0.0,0.0,0.0,0.0,0.0,0.0,0.0,0.0,0.0,0.0,0.0,0.0,0.0,0.0,0.0,0.0,0.0,0.0,0.0,0.0,0.0,0.0,0.0,0.0,0.0
